,rating,name,url,area_genre,dinner_price,lunch_price,holiday
0,4.24,ボニュ,https://tabelog.com/tw/tokyo/A1304/A130401/13184186/,"參宮橋車站 / 法式料理, 牛排, 蛋糕","JPY 50,000 - JPY 59,999","JPY 50,000 - JPY 59,999",-
1,4.18,Yama,https://tabelog.com/tw/tokyo/A1316/A131602/13279936/,白金台車站 / 甜食,"JPY 20,000 - JPY 29,999","JPY 30,000 - JPY 39,999","星期二, 星期三"
2,4.17,おかしやうっちー,https://tabelog.com/tw/tokyo/A1309/A130901/13238644/,"北參道車站 / 蛋糕, 西式甜點",-,"JPY 5,000 - JPY 5,999",-
3,4.16,蒼菓,https://tabelog.com/tw/tokyo/A1307/A130703/13297330/,廣尾車站 / 甜食,"JPY 15,000 - JPY 19,999","JPY 15,000 - JPY 19,999","星期一, 星期二, 星期日"
4,4.03,Haruka Murooka,https://tabelog.com/tw/tokyo/A1307/A130701/13295424/,乃木坂車站 / 甜食,"JPY 20,000 - JPY 29,999","JPY 20,000 - JPY 29,999","星期二, 星期三, 星期四"
5,3.98,ラトリエ ア マ ファソン,https://tabelog.com/tw/tokyo/A1317/A131715/13242556/,"上野毛車站 / 甜食, 咖啡店","JPY 4,000 - JPY 4,999","JPY 4,000 - JPY 4,999",-
6,3.97,ジェラテリア アクオリーナ,https://tabelog.com/tw/tokyo/A1317/A131701/13141364/,"祐天寺車站 / 意式冰淇淋/冰淇淋, 軟冰淇淋",-,- JPY 999,"星期一, 星期二"
7,3.93,エーグルドゥース,https://tabelog.com/tw/tokyo/A1305/A130502/13005641/,"目白車站 / 蛋糕, 馬卡龍","JPY 1,000 - JPY 1,999","JPY 1,000 - JPY 1,999","星期一, 星期二"
8,3.92,パティスリー リョーコ,https://tabelog.com/tw/tokyo/A1316/A131603/13137010/,"高輪台車站 / 蛋糕, 泡芙, 西式甜點",-,- JPY 999,"星期一, 星期二, 星期三, 星期四"
9,3.91,ESPRIT C. KEI GINZA,https://tabelog.com/tw/tokyo/A1301/A130101/13296199/,"銀座車站 / 法式料理, 甜食","JPY 30,000 - JPY 39,999",-,"星期一, 星期日"
10,3.89,アテスウェイ,https://tabelog.com/tw/tokyo/A1320/A132001/13005853/,"西荻窪車站 / 蛋糕, 甜食",- JPY 999,- JPY 999,"星期一, 星期二"
11,3.88,フレデリック カッセル 銀座三越店,https://tabelog.com/tw/tokyo/A1301/A130101/13116839/,"銀座車站 / 蛋糕, 甜食, 巧克力",-,"JPY 2,000 - JPY 2,999",-
12,3.87,パティスリー・パリセヴェイユ,https://tabelog.com/tw/tokyo/A1317/A131703/13005198/,"自由丘車站 / 蛋糕, 咖啡店, 麵包","JPY 1,000 - JPY 1,999","JPY 1,000 - JPY 1,999",-
13,3.87,日本橋 長門,https://tabelog.com/tw/tokyo/A1302/A130202/13011481/,日本橋車站 / 日式點心,"JPY 1,000 - JPY 1,999","JPY 1,000 - JPY 1,999","星期日, 節假日"
14,3.87,アヴランシュ・ゲネー,https://tabelog.com/tw/tokyo/A1310/A131004/13186450/,"春日車站 / 蛋糕, 巧克力","JPY 1,000 - JPY 1,999","JPY 1,000 - JPY 1,999","星期一, 星期二"
15,3.87,リョウラ,https://tabelog.com/tw/tokyo/A1317/A131707/13188208/,"用賀車站 / 蛋糕, 西式甜點","JPY 3,000 - JPY 3,999",-,"星期二, 星期三"
16,3.87,一幸庵,https://tabelog.com/tw/tokyo/A1323/A132302/13005076/,茗荷谷車站 / 日式點心,-,- JPY 999,"星期一, 星期二, 星期日"
17,3.86,GAZTA,https://tabelog.com/tw/tokyo/A1316/A131602/13223261/,白金高輪車站 / 蛋糕,-,"JPY 1,000 - JPY 1,999",星期一
18,3.86,オーボンヴュータン 尾山台店,https://tabelog.com/tw/tokyo/A1317/A131715/13181654/,"尾山台車站 / 蛋糕, 小菜, 咖啡店","JPY 1,000 - JPY 1,999","JPY 1,000 - JPY 1,999","星期二, 星期三"
19,3.86,ブーランジェリー スドウ,https://tabelog.com/tw/tokyo/A1317/A131709/13098861/,"松陰神社前車站 / 麵包, 咖啡店, 甜食",- JPY 999,- JPY 999,"星期一, 星期二, 星期三, 星期四"
20,3.86,Think,https://tabelog.com/tw/tokyo/A1311/A131105/13283557/,"鶯谷車站 / 麵包, 西式甜點","JPY 1,000 - JPY 1,999",-,"星期一, 星期二"
21,3.85,アステリスク,https://tabelog.com/tw/tokyo/A1318/A131811/13140735/,代代木上原車站 / 蛋糕,- JPY 999,- JPY 999,"星期一, 星期二"
22,3.85,ザ・ペニンシュラ ブティック＆カフェ,https://tabelog.com/tw/tokyo/A1301/A130102/13043019/,"日比谷車站 / 蛋糕, 咖啡店, 麵包",-,"JPY 1,000 - JPY 1,999",-
23,3.85,パティスリー カーヴァンソン,https://tabelog.com/tw/tokyo/A1309/A130905/13035194/,"飯田橋車站 / 蛋糕, 巧克力, 西式甜點","JPY 10,000 - JPY 14,999",-,-
24,3.85,レカー,https://tabelog.com/tw/tokyo/A1303/A130303/13243988/,"代官山車站 / 麵包, 西式甜點",- JPY 999,- JPY 999,-
25,3.85,LESS by Gabriele Riva & Kanako Sakakura,https://tabelog.com/tw/tokyo/A1303/A130302/13274859/,"惠比壽車站 / 蛋糕, 巧克力",-,"JPY 2,000 - JPY 2,999","星期二, 星期三"
26,3.84,うさぎや,https://tabelog.com/tw/tokyo/A1311/A131101/13003599/,"湯島車站 / 日式點心, 銅鑼燒",- JPY 999,- JPY 999,星期三
27,3.84,VIRON 丸の内店,https://tabelog.com/tw/tokyo/A1302/A130201/13043904/,"東京車站 / 麵包, 蛋糕, 咖啡店","JPY 1,000 - JPY 1,999","JPY 1,000 - JPY 1,999",-
28,3.84,パティスリー SATSUKI,https://tabelog.com/tw/tokyo/A1308/A130803/13000178/,"赤坂見附車站 / 蛋糕, 麵包",- JPY 999,- JPY 999,-
29,3.84,ケンズカフェ東京 総本店,https://tabelog.com/tw/tokyo/A1304/A130402/13024643/,"新宿御苑前車站 / 巧克力, 蛋糕","JPY 3,000 - JPY 3,999","JPY 3,000 - JPY 3,999","星期日, 節假日"
30,3.84,フランス菓子 パティシエ ショコラティエ イナムラショウゾウ,https://tabelog.com/tw/tokyo/A1311/A131105/13047298/,"日暮里車站 / 蛋糕, 巧克力","JPY 1,000 - JPY 1,999","JPY 1,000 - JPY 1,999","星期一, 星期二"
31,3.84,ミニマル 富ヶ谷本店,https://tabelog.com/tw/tokyo/A1303/A130301/13175834/,"代代木八幡車站 / 巧克力, 蛋糕, 咖啡店","JPY 1,000 - JPY 1,999","JPY 1,000 - JPY 1,999",-
32,3.84,パティスリートレカルム,https://tabelog.com/tw/tokyo/A1323/A132301/13175122/,"千石車站 / 蛋糕, 馬卡龍, 麵包",- JPY 999,-,星期一
33,3.83,ショコラティエ パレ ド オール 東京,https://tabelog.com/tw/tokyo/A1302/A130201/13038473/,"二重橋前車站 / 巧克力, 咖啡店, 蛋糕","JPY 2,000 - JPY 2,999","JPY 2,000 - JPY 2,999",-
34,3.83,Curry Spice Gelateria KALPASI,https://tabelog.com/tw/tokyo/A1318/A131802/13247887/,"下北澤車站 / 咖喱, 意式冰淇淋/冰淇淋, 亞洲料理, 民族料理","JPY 1,000 - JPY 1,999","JPY 1,000 - JPY 1,999",星期四
35,3.83,アトリエコータ 神楽坂店,https://tabelog.com/tw/tokyo/A1309/A130905/13136823/,"神樂坂車站 / 蛋糕, 咖啡店",-,"JPY 2,000 - JPY 2,999",-
36,3.83,PATISSERIE ASAKO IWAYANAGI,https://tabelog.com/tw/tokyo/A1317/A131715/13189509/,"等等力車站 / 蛋糕, 咖啡店","JPY 1,000 - JPY 1,999",-,"星期一, 星期二"
37,3.83,スタイルズケイクス＆カンパニー,https://tabelog.com/tw/tokyo/A1310/A131003/13125138/,神保町車站 / 蛋糕,"JPY 1,000 - JPY 1,999","JPY 1,000 - JPY 1,999","星期三, 星期六, 星期日, 節假日"
38,3.83,パティスリー ユウ ササゲ,https://tabelog.com/tw/tokyo/A1318/A131809/13155662/,"千歲烏山車站 / 蛋糕, 麵包",-,- JPY 999,"星期二, 星期三"
39,3.83,雅庵,https://tabelog.com/tw/tokyo/A1317/A131701/13073813/,中目黑車站 / 日式點心,-,- JPY 999,星期二
40,3.82,VIRON 渋谷店,https://tabelog.com/tw/tokyo/A1303/A130301/13004626/,"澀谷車站 / 麵包, 三明治, 蛋糕",- JPY 999,- JPY 999,-
41,3.82,シュークリー,https://tabelog.com/tw/tokyo/A1302/A130204/13050996/,"人形町車站 / 蛋糕, 甜食",- JPY 999,- JPY 999,星期日
42,3.82,御菓子処 さゝま,https://tabelog.com/tw/tokyo/A1310/A131003/13000627/,神保町車站 / 日式點心,- JPY 999,- JPY 999,"星期日, 節假日"
43,3.82,レピキュリアン,https://tabelog.com/tw/tokyo/A1320/A132001/13005891/,"吉祥寺車站 / 蛋糕, 咖啡店","JPY 1,000 - JPY 1,999","JPY 1,000 - JPY 1,999","星期一, 星期二, 星期三, 星期四, 星期五"
44,3.82,志”満ん草餅,https://tabelog.com/tw/tokyo/A1312/A131203/13002934/,"曳舟車站 / 日式點心, 日式甜點店, 銅鑼燒",- JPY 999,- JPY 999,星期三
45,3.82,トラヤ トウキョウ,https://tabelog.com/tw/tokyo/A1302/A130201/13147493/,"東京車站 / 咖啡店, 日式點心, 刨冰",-,"JPY 1,000 - JPY 1,999",-
46,3.82,パティスリー プレジール,https://tabelog.com/tw/tokyo/A1317/A131706/13045491/,"西太子堂車站 / 蛋糕, 咖啡店","JPY 1,000 - JPY 1,999",-,-
47,3.82,シヅカ洋菓子店 自然菓子研究所 銀座5丁目店,https://tabelog.com/tw/tokyo/A1301/A130101/13270326/,銀座車站 / 西式甜點,"JPY 5,000 - JPY 5,999",-,-
48,3.82,パティシエ・ヒロ ヤマモト,https://tabelog.com/tw/tokyo/A1312/A131205/13121679/,"篠崎車站 / 蛋糕, 馬卡龍","JPY 1,000 - JPY 1,999",-,"星期二, 星期三"
49,3.81,ジェラテリア シンチェリータ,https://tabelog.com/tw/tokyo/A1319/A131905/13108556/,"阿佐谷車站 / 意式冰淇淋/冰淇淋, 咖啡店",- JPY 999,- JPY 999,-
50,3.81,レ・カカオ 本店,https://tabelog.com/tw/tokyo/A1316/A131603/13203619/,"五反田車站 / 巧克力, 蛋糕, 西式甜點",- JPY 999,- JPY 999,星期二
51,3.81,マテリエル,https://tabelog.com/tw/tokyo/A1322/A132203/13110008/,"大山車站 / 蛋糕, 咖啡店","JPY 1,000 - JPY 1,999","JPY 1,000 - JPY 1,999","星期三, 星期四"
52,3.81,クレープリー チロル,https://tabelog.com/tw/tokyo/A1318/A131814/13205650/,祖師谷大藏車站 / 可麗餅/法式薄餅,-,"JPY 1,000 - JPY 1,999","星期一, 星期四"
53,3.81,Patisserie JUN UJITA,https://tabelog.com/tw/tokyo/A1317/A131702/13133033/,"都立大學車站 / 蛋糕, 咖啡店",- JPY 999,"JPY 1,000 - JPY 1,999","星期一, 星期二"
54,3.81,パティスリー ラ・グリシーヌ,https://tabelog.com/tw/tokyo/A1317/A131705/13150993/,"池尻大橋車站 / 蛋糕, 甜食","JPY 1,000 - JPY 1,999","JPY 1,000 - JPY 1,999",星期一
55,3.81,徳太樓,https://tabelog.com/tw/tokyo/A1311/A131102/13008704/,淺草車站 / 日式點心,-,-,星期日
56,3.81,菓匠 菊家,https://tabelog.com/tw/tokyo/A1306/A130602/13006970/,表參道車站 / 日式點心,-,-,"星期一, 星期日, 節假日"
57,3.81,As,https://tabelog.com/tw/tokyo/A1303/A130302/13279065/,"惠比壽車站 / 西式甜點, 咖啡店, 甜食",-,"JPY 8,000 - JPY 9,999",-
58,3.80,千葉屋,https://tabelog.com/tw/tokyo/A1311/A131102/13008691/,"淺草車站 / 烤地瓜/拔絲地瓜, 日式點心, 甜食",- JPY 999,- JPY 999,"星期一, 星期二"
59,3.80,ラ･メゾン･デュ･ショコラ 丸の内店,https://tabelog.com/tw/tokyo/A1301/A130102/13000036/,"有樂町車站 / 巧克力, 蛋糕, 咖啡店",-,"JPY 3,000 - JPY 3,999",-
60,3.80,ロートンヌ 秋津本店,https://tabelog.com/tw/tokyo/A1328/A132806/13005967/,"新秋津車站 / 蛋糕, 馬卡龍, 西式甜點",- JPY 999,- JPY 999,星期三
61,3.80,ブーランジェリー ボネダンヌ,https://tabelog.com/tw/tokyo/A1317/A131705/13158722/,"三軒茶屋車站 / 麵包, 西式甜點, 三明治","JPY 1,000 - JPY 1,999",-,"星期一, 星期二, 星期三"
62,3.80,ブロンディール,https://tabelog.com/tw/tokyo/A1321/A132103/13184127/,"石神井公園車站 / 蛋糕, 麵包","JPY 2,000 - JPY 2,999","JPY 2,000 - JPY 2,999","星期一, 星期日"
63,3.79,亀十,https://tabelog.com/tw/tokyo/A1311/A131102/13003655/,"淺草車站 / 日式點心, 銅鑼燒, 大福",-,- JPY 999,-
64,3.79,たいやき わかば,https://tabelog.com/tw/tokyo/A1309/A130902/13000848/,"四谷車站 / 鯛魚燒・大判燒, 咖啡店, 日式點心",- JPY 999,- JPY 999,"星期三, 星期日"
65,3.79,エシレ・メゾン デュ ブール,https://tabelog.com/tw/tokyo/A1302/A130201/13096439/,"二重橋前車站 / 蛋糕, 麵包, 意式冰淇淋/冰淇淋","JPY 3,000 - JPY 3,999","JPY 3,000 - JPY 3,999",-
66,3.79,たいやき ひいらぎ,https://tabelog.com/tw/tokyo/A1303/A130302/13026096/,"惠比壽車站 / 鯛魚燒・大判燒, 軟冰淇淋",- JPY 999,- JPY 999,-
67,3.79,Toshi Yoroizuka Mid Town,https://tabelog.com/tw/tokyo/A1307/A130701/13037382/,"六本木車站 / 蛋糕, 西式甜點","JPY 1,000 - JPY 1,999","JPY 1,000 - JPY 1,999",-
68,3.79,空也,https://tabelog.com/tw/tokyo/A1301/A130101/13002591/,銀座車站 / 日式點心,"JPY 1,000 - JPY 1,999",-,"星期日, 節假日"
69,3.79,Mont St. Clair,https://tabelog.com/tw/tokyo/A1317/A131703/13003221/,"自由丘車站 / 蛋糕, 馬卡龍, 麵包","JPY 1,000 - JPY 1,999",-,"星期二, 星期三"
70,3.79,黒松本舗 草月,https://tabelog.com/tw/tokyo/A1323/A132304/13003793/,"東十條車站 / 日式點心, 銅鑼燒",- JPY 999,- JPY 999,星期二
71,3.79,すずめや,https://tabelog.com/tw/tokyo/A1305/A130501/13009255/,"池袋車站 / 日式點心, 銅鑼燒",-,- JPY 999,"星期一, 星期二, 星期三, 星期日"
72,3.79,ル パン ドゥ ジョエル・ロブション 渋谷ヒカリエShinQs店,https://tabelog.com/tw/tokyo/A1303/A130301/13140263/,"澀谷車站 / 麵包, 三明治, 西式甜點","JPY 1,000 - JPY 1,999","JPY 1,000 - JPY 1,999",-
73,3.79,うさぎや 本店,https://tabelog.com/tw/tokyo/A1302/A130202/13003250/,"日本橋車站 / 日式點心, 銅鑼燒",-,- JPY 999,"星期六, 星期日, 節假日"
74,3.79,群林堂,https://tabelog.com/tw/tokyo/A1323/A132302/13003816/,"護國寺車站 / 日式點心, 大福",-,- JPY 999,"星期一, 星期日"
75,3.79,松島屋,https://tabelog.com/tw/tokyo/A1314/A131403/13007137/,"泉岳寺車站 / 日式點心, 大福",- JPY 999,- JPY 999,星期日
76,3.79,瑞穂,https://tabelog.com/tw/tokyo/A1306/A130601/13001154/,"明治神宮前車站 / 日式點心, 大福",-,- JPY 999,-
77,3.79,メゾン・ダーニ,https://tabelog.com/tw/tokyo/A1316/A131602/13183428/,"白金高輪車站 / 蛋糕, 麵包",-,"JPY 1,000 - JPY 1,999",星期二
78,3.78,西洋菓子 しろたえ,https://tabelog.com/tw/tokyo/A1308/A130801/13002850/,"赤坂見附車站 / 蛋糕, 咖啡店, 咖啡館",-,"JPY 1,000 - JPY 1,999","星期一, 星期日"
79,3.78,浪花家総本店,https://tabelog.com/tw/tokyo/A1307/A130702/13002775/,"麻布十番車站 / 日式甜點店, 鯛魚燒・大判燒, 炒麵",-,- JPY 999,"星期二, 星期三"
80,3.78,柳屋,https://tabelog.com/tw/tokyo/A1302/A130204/13003065/,"人形町車站 / 鯛魚燒・大判燒, 意式冰淇淋/冰淇淋",-,- JPY 999,"星期一, 星期日"
81,3.78,ラ ブティック ドゥ ジョエル・ロブション 丸の内ブリックスクエア店,https://tabelog.com/tw/tokyo/A1302/A130201/13096409/,"二重橋前車站 / 麵包, 蛋糕, 咖啡店","JPY 1,000 - JPY 1,999","JPY 1,000 - JPY 1,999",-
82,3.78,ノワ・ドゥ・ブール 新宿伊勢丹店,https://tabelog.com/tw/tokyo/A1304/A130401/13124571/,"新宿三丁目車站 / 蛋糕, 巧克力",- JPY 999,- JPY 999,-
83,3.78,和栗や 谷中店,https://tabelog.com/tw/tokyo/A1311/A131106/13130539/,"千馱木車站 / 甜食, 咖啡店, 意式冰淇淋/冰淇淋","JPY 1,000 - JPY 1,999","JPY 1,000 - JPY 1,999",-
84,3.78,ナタ・デ・クリスチアノ,https://tabelog.com/tw/tokyo/A1318/A131810/13153384/,"代代木公園車站 / 甜食, 麵包, 蛋糕",- JPY 999,- JPY 999,-
85,3.78,ハリッツ 上原店,https://tabelog.com/tw/tokyo/A1318/A131811/13023466/,"代代木上原車站 / 甜甜圈, 咖啡店, 西式甜點","JPY 1,000 - JPY 1,999",- JPY 999,星期日
86,3.78,ツッカベッカライ カヤヌマ,https://tabelog.com/tw/tokyo/A1308/A130802/13002756/,"溜池山王車站 / 蛋糕, 西式甜點","JPY 3,000 - JPY 3,999",-,"星期一, 星期日, 節假日"
87,3.78,ラ ブティック ドゥ ジョエル・ロブション 六本木ヒルズ店,https://tabelog.com/tw/tokyo/A1307/A130701/13020237/,"六本木車站 / 麵包, 蛋糕","JPY 1,000 - JPY 1,999","JPY 1,000 - JPY 1,999",-
88,3.78,たちばな,https://tabelog.com/tw/tokyo/A1301/A130103/13022189/,新橋車站 / 日式點心,"JPY 1,000 - JPY 1,999","JPY 1,000 - JPY 1,999","星期日, 節假日"
89,3.78,うさぎや 中央通り店,https://tabelog.com/tw/tokyo/A1302/A130202/13041161/,"日本橋車站 / 日式點心, 銅鑼燒",- JPY 999,-,星期日
90,3.78,ラ ブティック ドゥ ジョエル・ロブション 恵比寿ガーデンプレイス店,https://tabelog.com/tw/tokyo/A1303/A130302/13014064/,"惠比壽車站 / 麵包, 蛋糕, 三明治","JPY 1,000 - JPY 1,999","JPY 1,000 - JPY 1,999",-
91,3.78,ちもと,https://tabelog.com/tw/tokyo/A1317/A131702/13003218/,"都立大學車站 / 日式點心, 日式甜點店, 刨冰","JPY 1,000 - JPY 1,999",- JPY 999,"星期三, 星期四"
92,3.78,ロートンヌ 中野店,https://tabelog.com/tw/tokyo/A1321/A132101/13118933/,"新江古田車站 / 蛋糕, 咖啡店, 麵包","JPY 1,000 - JPY 1,999","JPY 1,000 - JPY 1,999","星期一, 星期二"
93,3.77,ひみつ堂,https://tabelog.com/tw/tokyo/A1311/A131106/13126796/,"日暮里車站 / 刨冰, 日式甜點店","JPY 2,000 - JPY 2,999","JPY 1,000 - JPY 1,999",星期一
94,3.77,自家焙煎珈琲みじんこ,https://tabelog.com/tw/tokyo/A1310/A131002/13126204/,"湯島車站 / 咖啡店, 布丁","JPY 1,000 - JPY 1,999","JPY 1,000 - JPY 1,999",-
95,3.77,フルーツパーラーゴトー,https://tabelog.com/tw/tokyo/A1311/A131102/13095672/,"淺草車站 / 水果聖代, 咖啡店, 刨冰","JPY 1,000 - JPY 1,999","JPY 1,000 - JPY 1,999","星期三, 星期四"
96,3.77,メゾン ランドゥメンヌ 麻布台,https://tabelog.com/tw/tokyo/A1307/A130701/13180316/,"六本木一丁目車站 / 麵包, 西式甜點, 咖啡店","JPY 1,000 - JPY 1,999","JPY 1,000 - JPY 1,999",-
97,3.77,ザ マンダリン オリエンタル グルメショップ,https://tabelog.com/tw/tokyo/A1302/A130202/13022977/,"三越前車站 / 蛋糕, 巧克力","JPY 1,000 - JPY 1,999","JPY 1,000 - JPY 1,999",-
98,3.77,パティスリー レザネフォール 恵比寿本店,https://tabelog.com/tw/tokyo/A1303/A130302/13149501/,代官山車站 / 蛋糕,- JPY 999,- JPY 999,-
99,3.77,エディアールベーカリー 新宿本店,https://tabelog.com/tw/tokyo/A1304/A130401/13012061/,"新宿三丁目車站 / 麵包, 咖啡店, 蛋糕",- JPY 999,- JPY 999,-
100,3.77,クリオロ 中目黒店,https://tabelog.com/tw/tokyo/A1317/A131701/13077927/,"中目黑車站 / 蛋糕, 巧克力, 馬卡龍","JPY 1,000 - JPY 1,999",-,-
101,3.77,清寿軒,https://tabelog.com/tw/tokyo/A1302/A130204/13213772/,"小傳馬町車站 / 日式點心, 銅鑼燒",-,- JPY 999,"星期六, 星期日, 節假日"
102,3.77,カカオサンパカ 丸の内本店,https://tabelog.com/tw/tokyo/A1302/A130201/13096438/,"二重橋前車站 / 巧克力, 軟冰淇淋","JPY 2,000 - JPY 2,999","JPY 2,000 - JPY 2,999",-
103,3.77,ル・グルニエ・ア・パン 麹町店,https://tabelog.com/tw/tokyo/A1308/A130803/13011374/,"半藏門車站 / 麵包, 三明治, 蛋糕",- JPY 999,- JPY 999,-
104,3.77,梅むら,https://tabelog.com/tw/tokyo/A1311/A131102/13008698/,"淺草車站 / 日式甜點店, 刨冰, 日式點心",- JPY 999,- JPY 999,星期日
105,3.77,フィオレンティーナ ペストリーブティック,https://tabelog.com/tw/tokyo/A1307/A130701/13060521/,"六本木車站 / 蛋糕, 麵包, 巧克力","JPY 1,000 - JPY 1,999","JPY 1,000 - JPY 1,999",-
106,3.77,パティスリー ラブリコチエ,https://tabelog.com/tw/tokyo/A1319/A131904/13100828/,"高圓寺車站 / 蛋糕, 咖啡店",- JPY 999,"JPY 1,000 - JPY 1,999","星期一, 星期二"
107,3.77,アディクト オ シュクル,https://tabelog.com/tw/tokyo/A1317/A131702/13171753/,"都立大學車站 / 蛋糕, 咖啡店, 麵包",- JPY 999,- JPY 999,"星期二, 星期三"
108,3.77,パティスリー イル・プルー・シュル・ラ・セーヌ,https://tabelog.com/tw/tokyo/A1303/A130303/13001912/,代官山車站 / 蛋糕,"JPY 1,000 - JPY 1,999","JPY 1,000 - JPY 1,999","星期一, 星期二, 星期三, 星期四, 星期日"
109,3.77,ラ・ヴィエイユ・フランス 本店,https://tabelog.com/tw/tokyo/A1318/A131809/13043939/,"千歲烏山車站 / 蛋糕, 麵包",- JPY 999,- JPY 999,星期二
110,3.77,パーラー ローレル,https://tabelog.com/tw/tokyo/A1317/A131715/13003097/,"九品佛車站 / 蛋糕, 咖啡店","JPY 1,000 - JPY 1,999","JPY 1,000 - JPY 1,999",星期四
111,3.77,ア コテ パティスリー,https://tabelog.com/tw/tokyo/A1316/A131602/13051424/,"白金台車站 / 西式甜點, 蛋糕, 巧克力",-,"JPY 1,000 - JPY 1,999",星期日
112,3.77,スタア・バー・ギンザ,https://tabelog.com/tw/tokyo/A1301/A130101/13002270/,"銀座一丁目車站 / 酒吧, 刨冰","JPY 6,000 - JPY 7,999",-,-
113,3.76,茶亭 羽當,https://tabelog.com/tw/tokyo/A1303/A130301/13001169/,"澀谷車站 / 咖啡館, 咖啡店, 蛋糕","JPY 1,000 - JPY 1,999","JPY 1,000 - JPY 1,999",-
114,3.76,目白 志むら,https://tabelog.com/tw/tokyo/A1305/A130502/13003855/,"目白車站 / 日式甜點店, 刨冰, 日式點心","JPY 1,000 - JPY 1,999","JPY 1,000 - JPY 1,999",星期日
115,3.76,浅草浪花家,https://tabelog.com/tw/tokyo/A1311/A131102/13120735/,"淺草車站 / 鯛魚燒・大判燒, 日式甜點店, 刨冰","JPY 1,000 - JPY 1,999",- JPY 999,星期二
116,3.76,和kitchen かんな,https://tabelog.com/tw/tokyo/A1317/A131706/13156812/,"三軒茶屋車站 / 刨冰, 創作料理",-,"JPY 1,000 - JPY 1,999",星期三
117,3.76,フレンチ パウンド ハウス 大和郷本店,https://tabelog.com/tw/tokyo/A1323/A132301/13003828/,"巢鴨車站 / 蛋糕, 咖啡店","JPY 1,000 - JPY 1,999","JPY 1,000 - JPY 1,999",-
118,3.76,竹むら,https://tabelog.com/tw/tokyo/A1310/A131002/13000342/,"淡路町車站 / 日式甜點店, 刨冰, 日式點心",- JPY 999,- JPY 999,"星期一, 星期日, 節假日"
119,3.76,小ざさ,https://tabelog.com/tw/tokyo/A1320/A132001/13005817/,吉祥寺車站 / 日式點心,- JPY 999,-,星期二
120,3.76,チャイブレイク,https://tabelog.com/tw/tokyo/A1320/A132001/13098849/,"吉祥寺車站 / 咖啡店, 蛋糕","JPY 1,000 - JPY 1,999","JPY 1,000 - JPY 1,999",星期二
121,3.76,十一房珈琲店,https://tabelog.com/tw/tokyo/A1301/A130101/13007721/,"銀座一丁目車站 / 咖啡館, 蛋糕",- JPY 999,- JPY 999,-
122,3.76,クリオロ 本店,https://tabelog.com/tw/tokyo/A1322/A132202/13194959/,"小竹向原車站 / 蛋糕, 西式甜點, 麵包","JPY 1,000 - JPY 1,999","JPY 1,000 - JPY 1,999",星期二
123,3.76,かりんとう ゆしま花月,https://tabelog.com/tw/tokyo/A1311/A131101/13008524/,上野廣小路車站 / 日式點心,- JPY 999,-,-
124,3.76,パティスリィ ドゥ・ボン・クーフゥ 武蔵小山本店,https://tabelog.com/tw/tokyo/A1317/A131710/13032289/,"武藏小山車站 / 蛋糕, 咖啡店","JPY 4,000 - JPY 4,999",-,-
125,3.76,パティスリー カカオエット・パリ,https://tabelog.com/tw/tokyo/A1317/A131701/13039525/,"中目黑車站 / 蛋糕, 西式甜點, 咖啡店","JPY 1,000 - JPY 1,999",- JPY 999,-
126,3.76,塩野,https://tabelog.com/tw/tokyo/A1308/A130801/13002747/,"赤坂車站 / 日式點心, 銅鑼燒","JPY 1,000 - JPY 1,999",-,星期日
127,3.76,アルカション 本店,https://tabelog.com/tw/tokyo/A1321/A132103/13023168/,"保谷車站 / 蛋糕, 麵包, 咖啡店","JPY 1,000 - JPY 1,999","JPY 1,000 - JPY 1,999","星期一, 星期二"
128,3.76,フジウ,https://tabelog.com/tw/tokyo/A1329/A132903/13006009/,"高幡不動車站 / 蛋糕, 咖啡店, 麵包",- JPY 999,- JPY 999,"星期二, 星期三"
129,3.75,トリコロール 本店,https://tabelog.com/tw/tokyo/A1301/A130101/13007761/,"東銀座車站 / 咖啡館, 咖啡店, 蛋糕","JPY 1,000 - JPY 1,999","JPY 1,000 - JPY 1,999",星期二
130,3.75,リベルテ・パティスリー・ブーランジェリー 東京本店・吉祥寺,https://tabelog.com/tw/tokyo/A1320/A132001/13219660/,"吉祥寺車站 / 麵包, 蛋糕, 咖啡店","JPY 2,000 - JPY 2,999","JPY 1,000 - JPY 1,999",-
131,3.75,つる瀬 湯島本店,https://tabelog.com/tw/tokyo/A1311/A131101/13003616/,"湯島車站 / 日式點心, 大福, 日式甜點店",-,- JPY 999,"星期一, 節假日後"
132,3.75,ジュウニブンベーカリー 新宿店,https://tabelog.com/tw/tokyo/A1304/A130401/13220673/,"新宿車站 / 麵包, 西式甜點",- JPY 999,- JPY 999,-
133,3.75,北斎茶房,https://tabelog.com/tw/tokyo/A1312/A131201/13009563/,"錦糸町車站 / 日式甜點店, 刨冰, 釜飯","JPY 1,000 - JPY 1,999",- JPY 999,"星期一, 星期二"
134,3.75,和光ティーサロン,https://tabelog.com/tw/tokyo/A1301/A130101/13009081/,"銀座車站 / 咖啡店, 蛋糕","JPY 2,000 - JPY 2,999","JPY 3,000 - JPY 3,999",-
135,3.75,ラ・プレシューズ 紀尾井町店,https://tabelog.com/tw/tokyo/A1308/A130801/13198490/,"永田町車站 / 蛋糕, 西式甜點, 麵包","JPY 1,000 - JPY 1,999","JPY 1,000 - JPY 1,999",-
136,3.75,ヨハン 本店,https://tabelog.com/tw/tokyo/A1317/A131701/13003450/,中目黑車站 / 蛋糕,-,- JPY 999,-
137,3.75,ウッドベリーズ 本店,https://tabelog.com/tw/tokyo/A1320/A132001/13005904/,"吉祥寺車站 / 意式冰淇淋/冰淇淋, 其他",- JPY 999,-,-
138,3.75,クラブハリエ 日本橋三越店,https://tabelog.com/tw/tokyo/A1302/A130202/13004023/,三越前車站 / 年輪蛋糕,"JPY 1,000 - JPY 1,999",-,-
139,3.75,ル・コワンヴェール パトリック・ルメル,https://tabelog.com/tw/tokyo/A1309/A130905/13058480/,"飯田橋車站 / 蛋糕, 咖啡店","JPY 1,000 - JPY 1,999",- JPY 999,"星期一, 星期二"
140,3.75,ベッカライ・ブロートハイム,https://tabelog.com/tw/tokyo/A1317/A131707/13001529/,"櫻新町車站 / 麵包, 西式甜點, 咖啡店",- JPY 999,"JPY 1,000 - JPY 1,999","星期一, 星期二"
141,3.75,パティスリーサロン・ドゥ・テ アミティエ,https://tabelog.com/tw/tokyo/A1309/A130905/13047005/,"神樂坂車站 / 蛋糕, 咖啡店, 西式甜點","JPY 1,000 - JPY 1,999","JPY 1,000 - JPY 1,999",星期二
142,3.75,テオブロマ 渋谷本店,https://tabelog.com/tw/tokyo/A1318/A131810/13005471/,"代代木公園車站 / 巧克力, 咖啡店, 蛋糕","JPY 1,000 - JPY 1,999","JPY 1,000 - JPY 1,999",-
143,3.75,タイズ,https://tabelog.com/tw/tokyo/A1310/A131004/13018359/,"本鄉三丁目車站 / 咖啡館, 咖啡店, 蛋糕",-,"JPY 1,000 - JPY 1,999","星期一, 星期二, 星期三, 星期四"
144,3.75,パティシェリア,https://tabelog.com/tw/tokyo/A1304/A130401/13039063/,新宿車站 / 蛋糕,"JPY 1,000 - JPY 1,999",-,-
145,3.75,チリムーロ,https://tabelog.com/tw/tokyo/A1303/A130301/13164533/,"代官山車站 / 蛋糕, 甜食",- JPY 999,-,"星期一, 星期二, 星期三, 星期日"
146,3.75,パティスリー・スリール,https://tabelog.com/tw/tokyo/A1317/A131701/13018799/,"祐天寺車站 / 蛋糕, 麵包",-,- JPY 999,星期三
147,3.74,ジャパニーズアイス櫻花,https://tabelog.com/tw/tokyo/A1303/A130302/13040777/,"惠比壽車站 / 意式冰淇淋/冰淇淋, 咖啡店, 刨冰",- JPY 999,- JPY 999,-
148,3.74,ダンデライオン・チョコレート ファクトリー&カフェ蔵前,https://tabelog.com/tw/tokyo/A1311/A131103/13191976/,"藏前車站 / 巧克力, 咖啡店, 西式甜點",-,"JPY 1,000 - JPY 1,999",-
149,3.74,追分だんご本舗 新宿本店,https://tabelog.com/tw/tokyo/A1304/A130401/13000836/,"新宿三丁目車站 / 日式甜點店, 日式點心, 刨冰",-,"JPY 1,000 - JPY 1,999",-
150,3.74,果実園リーベル 東京店,https://tabelog.com/tw/tokyo/A1302/A130201/13131338/,"東京車站 / 水果聖代, 蛋糕, 義大利料理","JPY 1,000 - JPY 1,999","JPY 1,000 - JPY 1,999",-
151,3.74,トシ・ヨロイヅカ 東京,https://tabelog.com/tw/tokyo/A1302/A130202/13202758/,"京橋車站 / 蛋糕, 咖啡店, 麵包","JPY 2,000 - JPY 2,999","JPY 2,000 - JPY 2,999",星期二
152,3.74,廚 くろぎ,https://tabelog.com/tw/tokyo/A1311/A131101/13214654/,"上野廣小路車站 / 日式甜點店, 刨冰, 咖啡店","JPY 2,000 - JPY 2,999",-,-
153,3.74,マッターホーン,https://tabelog.com/tw/tokyo/A1317/A131702/13003197/,"學藝大學車站 / 蛋糕, 咖啡館, 年輪蛋糕",-,- JPY 999,星期二
154,3.74,カヤバ珈琲,https://tabelog.com/tw/tokyo/A1311/A131104/13019585/,"根津車站 / 咖啡館, 咖啡店, 刨冰","JPY 1,000 - JPY 1,999","JPY 2,000 - JPY 2,999",星期一
155,3.74,breadworks 表参道,https://tabelog.com/tw/tokyo/A1306/A130602/13148002/,"表參道車站 / 麵包, 咖啡店, 甜食",- JPY 999,- JPY 999,-
156,3.74,ジェラテリア テオブロマ,https://tabelog.com/tw/tokyo/A1309/A130905/13043391/,"神樂坂車站 / 意式冰淇淋/冰淇淋, 巧克力, 咖啡店","JPY 1,000 - JPY 1,999","JPY 1,000 - JPY 1,999",星期一
157,3.74,巴裡 小川軒 新橋店,https://tabelog.com/tw/tokyo/A1301/A130103/13024996/,"新橋車站 / 西式甜點, 蛋糕","JPY 1,000 - JPY 1,999","JPY 1,000 - JPY 1,999",星期日
158,3.74,松之助 N.Y. 東京・代官山店,https://tabelog.com/tw/tokyo/A1303/A130303/13005179/,"代官山車站 / 蛋糕, 咖啡店, 鬆餅",-,"JPY 1,000 - JPY 1,999",星期一
159,3.74,トラスパレンテ 中目黒店,https://tabelog.com/tw/tokyo/A1317/A131701/13187231/,"中目黑車站 / 麵包, 咖啡店, 蛋糕",- JPY 999,"JPY 1,000 - JPY 1,999",星期二
160,3.74,かえる食堂,https://tabelog.com/tw/tokyo/A1322/A132202/13030312/,"要町車站 / 咖喱, 蛋糕",-,"JPY 1,000 - JPY 1,999","星期一, 星期日"
161,3.74,虎ノ門 岡埜榮泉,https://tabelog.com/tw/tokyo/A1308/A130802/13001513/,"虎之門Hills車站 / 日式點心, 大福, 銅鑼燒",-,- JPY 999,"星期日, 節假日"
162,3.74,ブーランジェリーブルディガラ 広尾本店,https://tabelog.com/tw/tokyo/A1307/A130703/13000523/,"廣尾車站 / 麵包, 蛋糕",- JPY 999,- JPY 999,星期二
163,3.74,成城アルプス,https://tabelog.com/tw/tokyo/A1318/A131814/13002002/,"成城學園前車站 / 蛋糕, 咖啡館, 咖啡店","JPY 1,000 - JPY 1,999","JPY 1,000 - JPY 1,999",星期二
164,3.74,クルミドコーヒー,https://tabelog.com/tw/tokyo/A1325/A132502/13056474/,"西國分寺車站 / 咖啡店, 咖啡館, 蛋糕","JPY 1,000 - JPY 1,999","JPY 1,000 - JPY 1,999",星期四
165,3.74,長命寺 桜もち,https://tabelog.com/tw/tokyo/A1312/A131203/13002949/,"曳舟車站 / 日式點心, 日式甜點店, 咖啡店",- JPY 999,- JPY 999,"星期一, 星期二"
166,3.74,トラスパレンテ 学芸大学店,https://tabelog.com/tw/tokyo/A1317/A131702/13129736/,"學藝大學車站 / 麵包, 咖啡店, 蛋糕",- JPY 999,"JPY 1,000 - JPY 1,999","星期一, 星期二"
167,3.74,言問団子,https://tabelog.com/tw/tokyo/A1312/A131203/13002945/,"曳舟車站 / 日式點心, 日式甜點店",-,- JPY 999,星期二
168,3.74,ノリエット,https://tabelog.com/tw/tokyo/A1318/A131809/13000687/,"下高井戶車站 / 蛋糕, 咖啡店","JPY 1,000 - JPY 1,999","JPY 1,000 - JPY 1,999","星期二, 星期三"
169,3.74,ドース イスピーガ,https://tabelog.com/tw/tokyo/A1310/A131002/13211554/,小川町車站 / 西式甜點,-,- JPY 999,星期日
170,3.74,パティスリー フォブス,https://tabelog.com/tw/tokyo/A1311/A131103/13200705/,"藏前車站 / 蛋糕, 刨冰",- JPY 999,-,星期三
171,3.73,近江屋洋菓子店,https://tabelog.com/tw/tokyo/A1310/A131002/13000337/,"淡路町車站 / 蛋糕, 麵包, 果汁吧攤",- JPY 999,"JPY 1,000 - JPY 1,999",-
172,3.73,ゼロワンカレーA.o.D,https://tabelog.com/tw/tokyo/A1314/A131402/13239329/,"田町車站 / 印度料理, 印度咖哩, 蛋糕","JPY 2,000 - JPY 2,999","JPY 1,000 - JPY 1,999",-
173,3.73,ディゾン 水道橋,https://tabelog.com/tw/tokyo/A1310/A131003/13182399/,"水道橋車站 / 咖啡店, 蛋糕","JPY 2,000 - JPY 2,999","JPY 2,000 - JPY 2,999",-
174,3.73,プレミアム マリオジェラテリア 新宿伊勢丹店,https://tabelog.com/tw/tokyo/A1304/A130401/13012042/,"新宿三丁目車站 / 意式冰淇淋/冰淇淋, 果汁吧攤, 西式甜點",- JPY 999,- JPY 999,-
175,3.73,甘味処 みつばち 本店,https://tabelog.com/tw/tokyo/A1311/A131101/13003590/,"湯島車站 / 日式甜點店, 刨冰, 意式冰淇淋/冰淇淋",-,- JPY 999,-
176,3.73,和菓子処 大角玉屋 銀座店,https://tabelog.com/tw/tokyo/A1301/A130102/13060712/,"有樂町車站 / 日式點心, 大福, 銅鑼燒",- JPY 999,- JPY 999,-
177,3.73,ル カフェドゥ ジョエル・ロブション 日本橋高島屋店,https://tabelog.com/tw/tokyo/A1302/A130202/13009090/,"日本橋車站 / 咖啡店, 蛋糕, 法式料理","JPY 1,000 - JPY 1,999","JPY 1,000 - JPY 1,999",-
178,3.73,日本橋 錦豊琳 かりんとう専門店,https://tabelog.com/tw/tokyo/A1302/A130201/13045125/,東京車站 / 日式點心,-,- JPY 999,-
179,3.73,玉英堂彦九郎,https://tabelog.com/tw/tokyo/A1302/A130204/13006478/,"人形町車站 / 日式點心, 銅鑼燒",-,- JPY 999,-
180,3.73,ビヤンネートル,https://tabelog.com/tw/tokyo/A1318/A131811/13113676/,"代代木上原車站 / 蛋糕, 咖啡店, 刨冰",- JPY 999,- JPY 999,-
181,3.73,梅花亭 神楽坂本店,https://tabelog.com/tw/tokyo/A1309/A130905/13040265/,"神樂坂車站 / 日式點心, 大福, 銅鑼燒",- JPY 999,- JPY 999,星期三
182,3.73,ヴァン ドゥ リュド 尾山台店,https://tabelog.com/tw/tokyo/A1317/A131715/13140110/,"尾山台車站 / 麵包, 西式甜點, 咖啡店",- JPY 999,- JPY 999,-
183,3.73,越後鶴屋,https://tabelog.com/tw/tokyo/A1319/A131907/13006656/,"西荻窪車站 / 日式點心, 大福",- JPY 999,- JPY 999,"星期一, 星期二"
184,3.73,い志い,https://tabelog.com/tw/tokyo/A1324/A132403/13098265/,"柴又車站 / 日式點心, 西式甜點, 銅鑼燒",- JPY 999,-,-
185,3.73,五十鈴,https://tabelog.com/tw/tokyo/A1309/A130905/13023132/,"牛込神樂坂車站 / 日式點心, 銅鑼燒, 仙貝",- JPY 999,- JPY 999,"星期日, 節假日"
186,3.73,イエンセン,https://tabelog.com/tw/tokyo/A1318/A131810/13007309/,"代代木八幡車站 / 麵包, 蛋糕",-,- JPY 999,"星期日, 節假日"
187,3.73,浅田家,https://tabelog.com/tw/tokyo/A1308/A130802/13024135/,"溜池山王車站 / 日式點心, 大福",-,- JPY 999,"星期六, 星期日, 節假日"
188,3.73,ジャンティーユ,https://tabelog.com/tw/tokyo/A1316/A131601/13044382/,"目黑車站 / 麵包, 咖啡店, 西式甜點","JPY 1,000 - JPY 1,999","JPY 1,000 - JPY 1,999","星期日, 節假日"
189,3.73,虎ノ門 岡埜榮泉 新宿タカシマヤ店,https://tabelog.com/tw/tokyo/A1304/A130401/13056538/,"新宿車站 / 日式點心, 大福, 銅鑼燒",- JPY 999,-,-
190,3.73,ポム・ド・テール,https://tabelog.com/tw/tokyo/A1319/A131907/13009237/,"西荻窪車站 / 貝果, 西式甜點, 三明治",- JPY 999,- JPY 999,"星期一, 星期二, 星期三, 星期六"
191,3.73,天まめ,https://tabelog.com/tw/tokyo/A1313/A131301/13168055/,築地車站 / 日式點心,-,- JPY 999,星期日
192,3.72,スマトラカレー 共栄堂,https://tabelog.com/tw/tokyo/A1310/A131003/13000596/,"神保町車站 / 咖喱, 西式料理, 甜食","JPY 1,000 - JPY 1,999","JPY 1,000 - JPY 1,999",星期日
193,3.72,Paul Bassett 新宿,https://tabelog.com/tw/tokyo/A1304/A130401/13026041/,"西新宿車站 / 咖啡店, 蛋糕, 麵包",- JPY 999,- JPY 999,-
194,3.72,ピエール・エルメ・パリ Aoyama,https://tabelog.com/tw/tokyo/A1306/A130602/13014316/,"表參道車站 / 蛋糕, 馬卡龍, 咖啡店","JPY 3,000 - JPY 3,999","JPY 3,000 - JPY 3,999",-
195,3.72,カフェーパウリスタ,https://tabelog.com/tw/tokyo/A1301/A130103/13002648/,"新橋車站 / 咖啡店, 蛋糕",-,"JPY 1,000 - JPY 1,999",-
196,3.72,うさぎや CAFE,https://tabelog.com/tw/tokyo/A1311/A131101/13184732/,"上野廣小路車站 / 咖啡店, 鬆餅, 刨冰","JPY 1,000 - JPY 1,999","JPY 1,000 - JPY 1,999",星期三
197,3.72,甘味おかめ 有楽町店,https://tabelog.com/tw/tokyo/A1301/A130102/13011479/,"有樂町車站 / 日式甜點店, 刨冰",-,- JPY 999,星期一
198,3.72,森乃園,https://tabelog.com/tw/tokyo/A1302/A130204/13041947/,人形町車站 / 軟冰淇淋,"JPY 1,000 - JPY 1,999","JPY 1,000 - JPY 1,999",-
199,3.72,ザ・リッツ・カールトン カフェ＆デリ,https://tabelog.com/tw/tokyo/A1307/A130701/13037995/,"六本木車站 / 咖啡店, 麵包, 蛋糕","JPY 3,000 - JPY 3,999","JPY 2,000 - JPY 2,999",-
200,3.72,赤坂青野 本店,https://tabelog.com/tw/tokyo/A1308/A130801/13002803/,赤坂車站 / 日式點心,- JPY 999,- JPY 999,"星期日, 節假日"
201,3.72,根津のたいやき,https://tabelog.com/tw/tokyo/A1311/A131106/13003570/,根津車站 / 鯛魚燒・大判燒,-,-,"星期六, 星期日"
202,3.72,あんや,https://tabelog.com/tw/tokyo/A1318/A131814/13007428/,"成城學園前車站 / 日式甜點店, 日式點心, 刨冰",-,"JPY 1,000 - JPY 1,999",-
203,3.72,鳴門金時本舗 栗尾商店 グランスタ店,https://tabelog.com/tw/tokyo/A1302/A130201/13143553/,"東京車站 / 日式點心, 甜食, 西式甜點",-,"JPY 1,000 - JPY 1,999",-
204,3.72,かどや,https://tabelog.com/tw/tokyo/A1324/A132402/13008735/,北千住車站 / 日式點心,- JPY 999,-,-
205,3.72,喜田屋,https://tabelog.com/tw/tokyo/A1319/A131907/13044291/,"西荻窪車站 / 日式點心, 大福",- JPY 999,- JPY 999,"星期一, 星期二"
206,3.72,ル・ルソール,https://tabelog.com/tw/tokyo/A1318/A131801/13268390/,"駒場東大前車站 / 麵包, 西式甜點, 三明治",- JPY 999,- JPY 999,星期一
207,3.72,高橋の酒まんじゅう,https://tabelog.com/tw/tokyo/A1319/A131906/13044820/,荻窪車站 / 日式點心,-,- JPY 999,"星期一, 星期日, 節假日"
208,3.71,レストラン・サカキ,https://tabelog.com/tw/tokyo/A1302/A130202/13002443/,"寶町車站 / 法式料理, 西式料理, 甜食","JPY 8,000 - JPY 9,999","JPY 1,000 - JPY 1,999","星期日, 節假日"
209,3.71,Paul Bassett 渋谷ヒカリエ ＳｈiｎＱｓ 東横のれん街店,https://tabelog.com/tw/tokyo/A1303/A130301/13140156/,"澀谷車站 / 咖啡店, 蛋糕, 鬆餅",- JPY 999,- JPY 999,-
210,3.71,神田伯剌西爾,https://tabelog.com/tw/tokyo/A1310/A131003/13011590/,"神保町車站 / 咖啡館, 咖啡店, 蛋糕",- JPY 999,- JPY 999,-
211,3.71,カフェ マメヒコ 三軒茶屋本店,https://tabelog.com/tw/tokyo/A1317/A131706/13021745/,"三軒茶屋車站 / 咖啡店, 蛋糕, 意式冰淇淋/冰淇淋","JPY 1,000 - JPY 1,999","JPY 1,000 - JPY 1,999",-
212,3.71,羽二重団子 本店,https://tabelog.com/tw/tokyo/A1311/A131105/13003775/,"日暮里車站 / 日式點心, 日式甜點店",- JPY 999,- JPY 999,-
213,3.71,フォートナム・アンド・メイソン・コンセプトショップ 日本橋三越店,https://tabelog.com/tw/tokyo/A1302/A130202/13059381/,"三越前車站 / 麵包, 西式甜點, 咖啡店",- JPY 999,- JPY 999,-
214,3.71,すみだ珈琲,https://tabelog.com/tw/tokyo/A1312/A131201/13120781/,"錦糸町車站 / 咖啡店, 咖啡館, 蛋糕","JPY 1,000 - JPY 1,999","JPY 1,000 - JPY 1,999","星期六, 星期日, 節假日"
215,3.71,亀澤堂,https://tabelog.com/tw/tokyo/A1310/A131003/13021812/,"神保町車站 / 日式點心, 銅鑼燒, 大福",-,- JPY 999,"星期日, 節假日"
216,3.71,いり江,https://tabelog.com/tw/tokyo/A1313/A131303/13008019/,"門前仲町車站 / 日式甜點店, 刨冰",- JPY 999,"JPY 1,000 - JPY 1,999",星期三
217,3.71,ローズベーカリー 丸の内,https://tabelog.com/tw/tokyo/A1302/A130201/13122282/,"二重橋前車站 / 咖啡店, 麵包, 西式甜點","JPY 1,000 - JPY 1,999","JPY 1,000 - JPY 1,999",-
218,3.71,天野屋,https://tabelog.com/tw/tokyo/A1310/A131002/13006339/,"御茶之水車站 / 日式甜點店, 刨冰",-,- JPY 999,星期二
219,3.71,芋甚,https://tabelog.com/tw/tokyo/A1311/A131106/13003559/,"根津車站 / 日式甜點店, 咖啡店, 刨冰",- JPY 999,- JPY 999,星期一
220,3.71,セル・オ・ブレ,https://tabelog.com/tw/tokyo/A1317/A131710/13044661/,"武藏小山車站 / 麵包, 三明治, 蛋糕",- JPY 999,-,"星期一, 星期日"
221,3.71,菊丸,https://tabelog.com/tw/tokyo/A1311/A131102/13092157/,"田原町車站 / 日式甜點店, 刨冰, 咖啡店",- JPY 999,- JPY 999,星期一
222,3.71,目黒ひいらぎ 碑文谷公園通り店,https://tabelog.com/tw/tokyo/A1317/A131702/13135121/,"學藝大學車站 / 鯛魚燒・大判燒, 刨冰, 日式點心",-,- JPY 999,-
223,3.71,甘いっ子,https://tabelog.com/tw/tokyo/A1319/A131907/13006646/,"西荻窪車站 / 日式甜點店, 刨冰",- JPY 999,"JPY 1,000 - JPY 1,999",星期一
224,3.71,かりんとう 小桜,https://tabelog.com/tw/tokyo/A1311/A131102/13009553/,淺草車站 / 日式點心,-,- JPY 999,星期日
225,3.71,アテスウェイ グラスエショコラ,https://tabelog.com/tw/tokyo/A1320/A132001/13207906/,"西荻窪車站 / 意式冰淇淋/冰淇淋, 巧克力",-,- JPY 999,"星期一, 星期二"
226,3.70,天音,https://tabelog.com/tw/tokyo/A1320/A132001/13019467/,吉祥寺車站 / 鯛魚燒・大判燒,- JPY 999,- JPY 999,-
227,3.70,元祖塩大福 みずの,https://tabelog.com/tw/tokyo/A1323/A132301/13044660/,"巢鴨車站 / 日式點心, 日式甜點店, 食堂",- JPY 999,- JPY 999,-
228,3.70,時屋 新宿小田急ハルク店,https://tabelog.com/tw/tokyo/A1304/A130401/13006696/,"新宿西口車站 / 日式甜點店, 日式點心, 咖啡館",- JPY 999,- JPY 999,-
229,3.70,高木屋老舗,https://tabelog.com/tw/tokyo/A1324/A132403/13018079/,"柴又車站 / 日式點心, 日式甜點店",- JPY 999,- JPY 999,-
230,3.70,自家焙煎珈琲 凡,https://tabelog.com/tw/tokyo/A1304/A130401/13000735/,"新宿西口車站 / 咖啡館, 咖啡店, 蛋糕","JPY 3,000 - JPY 3,999","JPY 1,000 - JPY 1,999",-
231,3.70,ヴェルデ,https://tabelog.com/tw/tokyo/A1303/A130302/13050095/,"代官山車站 / 咖啡館, 咖啡店, 蛋糕",- JPY 999,- JPY 999,星期四
232,3.70,カフェ・アンセーニュ・ダングル 自由が丘店,https://tabelog.com/tw/tokyo/A1317/A131703/13017724/,"自由丘車站 / 咖啡館, 咖啡店, 蛋糕","JPY 1,000 - JPY 1,999","JPY 1,000 - JPY 1,999",-
233,3.70,Cafe Tram,https://tabelog.com/tw/tokyo/A1303/A130302/13170379/,"惠比壽車站 / 咖啡店, 咖啡館, 蛋糕",-,"JPY 1,000 - JPY 1,999","星期一, 星期二"
234,3.70,茶の池田や,https://tabelog.com/tw/tokyo/A1304/A130401/13049584/,"新宿車站 / 軟冰淇淋, 咖啡店, 意式冰淇淋/冰淇淋",- JPY 999,- JPY 999,-
235,3.70,銀座甘楽 銀座本店,https://tabelog.com/tw/tokyo/A1301/A130101/13051031/,"銀座車站 / 日式點心, 大福, 銅鑼燒",- JPY 999,-,-
236,3.70,レティエ,https://tabelog.com/tw/tokyo/A1309/A130901/13188523/,"北參道車站 / 軟冰淇淋, 咖啡店, 甜食",- JPY 999,- JPY 999,星期四
237,3.70,今川焼　かしわや,https://tabelog.com/tw/tokyo/A1317/A131706/13114710/,三軒茶屋車站 / 鯛魚燒・大判燒,- JPY 999,-,-
238,3.70,しろいくろ,https://tabelog.com/tw/tokyo/A1307/A130702/13151089/,"麻布十番車站 / 日式點心, 意式冰淇淋/冰淇淋",- JPY 999,-,-
239,3.70,ウッドベリーズ マルシェ,https://tabelog.com/tw/tokyo/A1320/A132001/13161095/,"吉祥寺車站 / 意式冰淇淋/冰淇淋, 咖啡店",- JPY 999,- JPY 999,-
240,3.70,吉野家,https://tabelog.com/tw/tokyo/A1324/A132403/13047535/,"柴又車站 / 日式點心, 甜食, 日式甜點店",- JPY 999,-,-
241,3.70,ナニワヤ・カフェ,https://tabelog.com/tw/tokyo/A1307/A130702/13021127/,"麻布十番車站 / 日式甜點店, 刨冰, 炒麵",- JPY 999,- JPY 999,"星期二, 星期三"
242,3.70,越後屋若狭,https://tabelog.com/tw/tokyo/A1312/A131201/13046248/,濱町車站 / 日式點心,-,-,"星期日, 節假日"
243,3.69,ロクシタンカフェ SHIBUYA TOKYO,https://tabelog.com/tw/tokyo/A1303/A130301/13225574/,"澀谷車站 / 咖啡店, 甜食","JPY 2,000 - JPY 2,999","JPY 2,000 - JPY 2,999",-
244,3.69,壽々喜園 浅草本店,https://tabelog.com/tw/tokyo/A1311/A131102/13153620/,"淺草車站 / 意式冰淇淋/冰淇淋, 茶攤",-,- JPY 999,-
245,3.69,Nicolai Bergmann NOMU aoyama,https://tabelog.com/tw/tokyo/A1306/A130602/13121811/,"表參道車站 / 咖啡店, 蛋糕, 三明治","JPY 2,000 - JPY 2,999","JPY 2,000 - JPY 2,999",-
246,3.69,THE ROASTERY BY NOZY COFFEE,https://tabelog.com/tw/tokyo/A1303/A130301/13161140/,"明治神宮前車站 / 咖啡店, 甜甜圈",- JPY 999,- JPY 999,-
247,3.69,銀座のジンジャー 銀座本店,https://tabelog.com/tw/tokyo/A1301/A130101/13143693/,"銀座一丁目車站 / 咖啡店, 甜食, 刨冰","JPY 1,000 - JPY 1,999","JPY 1,000 - JPY 1,999",-
248,3.69,ブルー・ブリック・ラウンジ,https://tabelog.com/tw/tokyo/A1306/A130602/13004798/,"表參道車站 / 咖啡店, 法式料理, 蛋糕","JPY 4,000 - JPY 4,999","JPY 1,000 - JPY 1,999",-
249,3.69,ローズベーカリー 銀座,https://tabelog.com/tw/tokyo/A1301/A130101/13138416/,"銀座車站 / 咖啡店, 麵包, 蛋糕","JPY 1,000 - JPY 1,999","JPY 1,000 - JPY 1,999",-
250,3.69,初音,https://tabelog.com/tw/tokyo/A1302/A130204/13003045/,"人形町車站 / 日式甜點店, 咖啡店, 日式點心","JPY 1,000 - JPY 1,999","JPY 1,000 - JPY 1,999",星期二
251,3.69,パティスリー イーズ,https://tabelog.com/tw/tokyo/A1302/A130202/13246269/,茅場町車站 / 蛋糕,- JPY 999,- JPY 999,星期三
252,3.69,茶庭 然花抄院 渋谷ヒカリエ ShinQs店,https://tabelog.com/tw/tokyo/A1303/A130301/13140148/,"澀谷車站 / 日式甜點店, 刨冰, 咖啡店","JPY 1,000 - JPY 1,999","JPY 1,000 - JPY 1,999",-
253,3.69,ハドソンマーケットベーカーズ,https://tabelog.com/tw/tokyo/A1307/A130702/13144811/,"麻布十番車站 / 蛋糕, 咖啡店","JPY 1,000 - JPY 1,999","JPY 1,000 - JPY 1,999",-
254,3.69,ヘッケルン,https://tabelog.com/tw/tokyo/A1308/A130802/13057178/,"虎之門車站 / 咖啡館, 咖啡店, 甜食",- JPY 999,- JPY 999,"星期三, 星期六, 星期日"
255,3.69,虎穴,https://tabelog.com/tw/tokyo/A1302/A130204/13098919/,"馬食橫山車站 / 中餐, 甜食","JPY 10,000 - JPY 14,999","JPY 1,000 - JPY 1,999",星期一
256,3.69,PARLA,https://tabelog.com/tw/tokyo/A1306/A130603/13174527/,外苑前車站 / 可麗餅/法式薄餅,-,"JPY 1,000 - JPY 1,999",-
257,3.69,ショコラティエ・エリカ,https://tabelog.com/tw/tokyo/A1316/A131602/13001875/,"白金台車站 / 巧克力, 咖啡店, 蛋糕",-,"JPY 2,000 - JPY 2,999",-
258,3.69,365日,https://tabelog.com/tw/tokyo/A1318/A131810/13263836/,"代代木八幡車站 / 麵包, 蛋糕","JPY 1,000 - JPY 1,999",-,-
259,3.69,HIGASHIYA man,https://tabelog.com/tw/tokyo/A1306/A130602/13050885/,"表參道車站 / 日式點心, 大福",- JPY 999,-,-
260,3.69,アンティカ ジェラテリア 玉川店,https://tabelog.com/tw/tokyo/A1317/A131708/13018929/,"二子玉川車站 / 意式冰淇淋/冰淇淋, 咖啡店",-,- JPY 999,-
261,3.69,石田屋,https://tabelog.com/tw/tokyo/A1322/A132203/13003807/,"上板橋車站 / 日式點心, 蛋糕, 銅鑼燒",- JPY 999,-,星期二
262,3.69,浪花家 江戸川橋,https://tabelog.com/tw/tokyo/A1309/A130905/13006453/,江戶川橋車站 / 鯛魚燒・大判燒,- JPY 999,-,星期二
263,3.69,桃太郎,https://tabelog.com/tw/tokyo/A1311/A131102/13008578/,淺草車站 / 日式點心,- JPY 999,-,-
264,3.69,菊見せんべい総本店,https://tabelog.com/tw/tokyo/A1311/A131106/13018372/,"千馱木車站 / 仙貝, 麵包, 三明治",- JPY 999,-,星期一
265,3.69,エスプレッソ ファクトリー,https://tabelog.com/tw/tokyo/A1311/A131106/13120235/,"千馱木車站 / 咖啡店, 甜食",- JPY 999,- JPY 999,星期三
266,3.69,スイーツ＆デリ,https://tabelog.com/tw/tokyo/A1302/A130201/13141136/,"大手町車站 / 蛋糕, 麵包, 巧克力",- JPY 999,- JPY 999,-
267,3.69,宝来屋本店,https://tabelog.com/tw/tokyo/A1309/A130906/13006396/,"九段下車站 / 日式點心, 咖啡店, 仙貝",- JPY 999,- JPY 999,"星期日, 節假日"
268,3.69,麻布 昇月堂,https://tabelog.com/tw/tokyo/A1307/A130703/13036997/,廣尾車站 / 日式點心,"JPY 1,000 - JPY 1,999",-,星期日
269,3.68,リビスコ 銀座店,https://tabelog.com/tw/tokyo/A1301/A130101/13212493/,東銀座車站 / 意式冰淇淋/冰淇淋,-,- JPY 999,-
270,3.68,白一   渋谷店,https://tabelog.com/tw/tokyo/A1303/A130301/13049692/,"澀谷車站 / 意式冰淇淋/冰淇淋, 軟冰淇淋, 咖啡店",- JPY 999,- JPY 999,-
271,3.68,珈琲亭 ルアン,https://tabelog.com/tw/tokyo/A1315/A131502/13008294/,"大森車站 / 咖啡館, 咖啡店, 蛋糕",-,- JPY 999,"星期三, 星期四"
272,3.68,ローヤル珈琲店 本店,https://tabelog.com/tw/tokyo/A1311/A131102/13008614/,"淺草車站 / 咖啡館, 三明治, 蛋糕",-,- JPY 999,-
273,3.68,高尾山スミカ,https://tabelog.com/tw/tokyo/A1329/A132905/13042628/,"高尾山口車站 / 鯛魚燒・大判燒, 意式冰淇淋/冰淇淋",-,- JPY 999,-
274,3.68,東毛酪農 63℃,https://tabelog.com/tw/tokyo/A1312/A131203/13141281/,"押上車站 / 意式冰淇淋/冰淇淋, 軟冰淇淋",- JPY 999,-,-
275,3.68,ハリッツ 小伝馬町店,https://tabelog.com/tw/tokyo/A1302/A130204/13223956/,"小傳馬町車站 / 甜甜圈, 咖啡店, 三明治",-,- JPY 999,"星期一, 星期日"
276,3.68,ASAKO IWAYANAGI SALON DE THE,https://tabelog.com/tw/tokyo/A1317/A131715/13264608/,"等等力車站 / 咖啡店, 蛋糕","JPY 3,000 - JPY 3,999","JPY 3,000 - JPY 3,999","星期一, 星期二"
277,3.68,いちょうの木,https://tabelog.com/tw/tokyo/A1314/A131405/13087366/,"新馬場車站 / 日式甜點店, 咖啡館, 刨冰","JPY 1,000 - JPY 1,999","JPY 1,000 - JPY 1,999","星期一, 星期四"
278,3.68,和光 ケーキ＆チョコレートショップ,https://tabelog.com/tw/tokyo/A1301/A130101/13004100/,"銀座車站 / 蛋糕, 巧克力","JPY 2,000 - JPY 2,999",-,-
279,3.68,つ久し,https://tabelog.com/tw/tokyo/A1317/A131702/13035752/,"都立大學車站 / 日式點心, 大福",- JPY 999,-,星期二
280,3.68,京菓子 岬屋,https://tabelog.com/tw/tokyo/A1318/A131801/13007329/,駒場東大前車站 / 日式點心,-,-,"星期一, 星期日"
281,3.68,L'ESSOR,https://tabelog.com/tw/tokyo/A1306/A130603/13297639/,"外苑前車站 / 法式料理, 葡萄酒酒吧, 蛋糕","JPY 20,000 - JPY 29,999","JPY 10,000 - JPY 14,999",星期三
282,3.67,リベルターブル 赤坂店,https://tabelog.com/tw/tokyo/A1308/A130801/13160987/,"赤坂車站 / 蛋糕, 咖啡店, 麵包",- JPY 999,"JPY 1,000 - JPY 1,999","星期一, 星期日"
283,3.67,I'm donut ? 中目黒店,https://tabelog.com/tw/tokyo/A1317/A131701/13269567/,中目黑車站 / 甜甜圈,- JPY 999,-,-
284,3.67,オー・メルベイユ・ドゥ・フレッド,https://tabelog.com/tw/tokyo/A1309/A130905/13246571/,"神樂坂車站 / 蛋糕, 咖啡店, 西式甜點","JPY 1,000 - JPY 1,999","JPY 1,000 - JPY 1,999",-
285,3.67,伊太利亜のじぇらぁとや,https://tabelog.com/tw/tokyo/A1311/A131102/13038982/,淺草車站 / 意式冰淇淋/冰淇淋,- JPY 999,- JPY 999,星期四
286,3.67,プレマルシェ・ジェラテリア 東京中目黒駅前店,https://tabelog.com/tw/tokyo/A1317/A131701/13223646/,中目黑車站 / 意式冰淇淋/冰淇淋,- JPY 999,- JPY 999,星期四
287,3.67,マジドゥショコラ,https://tabelog.com/tw/tokyo/A1317/A131703/13202801/,"自由丘車站 / 巧克力, 咖啡店, 軟冰淇淋","JPY 2,000 - JPY 2,999","JPY 1,000 - JPY 1,999",星期二
288,3.67,エシレ パティスリー オ ブール 東急フードショー エッジ店,https://tabelog.com/tw/tokyo/A1303/A130301/13240780/,澀谷車站 / 西式甜點,-,"JPY 1,000 - JPY 1,999",-
289,3.67,一六珈琲店,https://tabelog.com/tw/tokyo/A1329/A132901/13039610/,"立川車站 / 咖啡館, 咖啡店, 西式甜點",-,"JPY 1,000 - JPY 1,999",星期一
290,3.67,中里,https://tabelog.com/tw/tokyo/A1323/A132301/13022864/,駒込車站 / 日式點心,- JPY 999,-,星期日
291,3.67,equilibre,https://tabelog.com/tw/tokyo/A1317/A131710/13269549/,"不動前車站 / 蛋糕, 巧克力, 西式甜點",-,"JPY 2,000 - JPY 2,999","星期二, 星期三"
292,3.67,京菓子司 壽堂,https://tabelog.com/tw/tokyo/A1302/A130204/13000003/,水天宮前車站 / 日式點心,- JPY 999,-,-
293,3.67,蕪木,https://tabelog.com/tw/tokyo/A1311/A131101/13242617/,"新御徒町車站 / 咖啡店, 巧克力","JPY 1,000 - JPY 1,999","JPY 1,000 - JPY 1,999","星期一, 星期二"
294,3.67,うぐいすと穀雨,https://tabelog.com/tw/tokyo/A1305/A130502/13178579/,"雜司谷車站 / 咖啡店, 麵包, 蛋糕",-,"JPY 1,000 - JPY 1,999","星期一, 星期二, 星期三, 星期五"
295,3.66,カフェ・ミケランジェロ,https://tabelog.com/tw/tokyo/A1303/A130303/13003369/,"代官山車站 / 咖啡店, 義大利料理, 蛋糕","JPY 2,000 - JPY 2,999","JPY 1,000 - JPY 1,999",星期三
296,3.66,東京豆漿生活,https://tabelog.com/tw/tokyo/A1316/A131603/13231970/,"大崎廣小路車站 / 咖啡店, 甜食",-,- JPY 999,-
297,3.66,かき氷工房 雪菓,https://tabelog.com/tw/tokyo/A1323/A132301/13169371/,"巢鴨車站 / 刨冰, 日式甜點店","JPY 1,000 - JPY 1,999","JPY 1,000 - JPY 1,999",星期一
298,3.66,ガーデンラウンジ,https://tabelog.com/tw/tokyo/A1308/A130803/13009058/,"赤坂見附車站 / 咖啡店, 蛋糕, 西式自助餐",-,"JPY 6,000 - JPY 7,999",-
299,3.66,ニューヨークシティサンド 大丸東京店,https://tabelog.com/tw/tokyo/A1302/A130201/13184309/,東京車站 / 西式甜點,-,"JPY 1,000 - JPY 1,999",-
300,3.66,新正堂,https://tabelog.com/tw/tokyo/A1301/A130103/13019962/,"新橋車站 / 日式點心, 銅鑼燒, 大福",-,"JPY 1,000 - JPY 1,999","星期日, 節假日"
301,3.66,らーめんとこおりのおやつ ねいろ屋,https://tabelog.com/tw/tokyo/A1319/A131906/13137420/,"荻窪車站 / 拉麵, 刨冰","JPY 1,000 - JPY 1,999","JPY 1,000 - JPY 1,999",-
302,3.66,ラ・ローズ・ジャポネ,https://tabelog.com/tw/tokyo/A1324/A132403/13218730/,"龜有車站 / 蛋糕, 咖啡店, 西式甜點",- JPY 999,- JPY 999,"星期二, 星期三"
303,3.66,みつわベーカリー,https://tabelog.com/tw/tokyo/A1305/A130501/13029802/,"池袋車站 / 麵包, 三明治, 西式甜點",- JPY 999,-,-
304,3.66,ノワ・ドゥ・ブール 日本橋三越店,https://tabelog.com/tw/tokyo/A1302/A130202/13138859/,三越前車站 / 西式甜點,- JPY 999,- JPY 999,-
305,3.66,自由が丘ロール屋,https://tabelog.com/tw/tokyo/A1317/A131703/13003287/,自由丘車站 / 蛋糕,"JPY 1,000 - JPY 1,999",-,"星期二, 星期三"
306,3.66,グーテ・ド・ママン,https://tabelog.com/tw/tokyo/A1314/A131402/13007218/,"白金高輪車站 / 蛋糕, 咖啡館",-,"JPY 1,000 - JPY 1,999","星期一, 星期日"
307,3.66,ペストリーショップ,https://tabelog.com/tw/tokyo/A1308/A130802/13169030/,"虎之門Hills車站 / 蛋糕, 麵包, 咖啡店",- JPY 999,"JPY 3,000 - JPY 3,999",-
308,3.66,ボン クール,https://tabelog.com/tw/tokyo/A1310/A131002/13009032/,"新日本橋車站 / 麵包, 咖啡店, 蛋糕",-,- JPY 999,"星期日, 節假日"
309,3.66,サンデーベイクショップ 幡ヶ谷店,https://tabelog.com/tw/tokyo/A1318/A131807/13241963/,"幡谷車站 / 西式甜點, 麵包","JPY 1,000 - JPY 1,999",-,星期一
310,3.66,パティスリー ラ ヴィ ドゥース,https://tabelog.com/tw/tokyo/A1309/A130903/13004306/,"曙橋車站 / 蛋糕, 咖啡店",- JPY 999,"JPY 1,000 - JPY 1,999",星期一
311,3.66,マ・プリエール,https://tabelog.com/tw/tokyo/A1320/A132002/13030751/,"三鷹車站 / 蛋糕, 巧克力",- JPY 999,-,-
312,3.66,ペストリー ブティック,https://tabelog.com/tw/tokyo/A1304/A130401/13004200/,"初台車站 / 蛋糕, 麵包, 三明治","JPY 2,000 - JPY 2,999",-,-
313,3.65,ホレンディッシェ・カカオシュトゥーベ 新宿伊勢丹店,https://tabelog.com/tw/tokyo/A1304/A130401/13097078/,新宿三丁目車站 / 年輪蛋糕,"JPY 1,000 - JPY 1,999","JPY 1,000 - JPY 1,999",-
314,3.65,teal,https://tabelog.com/tw/tokyo/A1302/A130202/13264147/,"茅場町車站 / 甜食, 巧克力, 意式冰淇淋/冰淇淋",-,- JPY 999,星期三
315,3.65,サカノウエカフェ,https://tabelog.com/tw/tokyo/A1311/A131101/13149347/,"湯島車站 / 咖啡店, 刨冰","JPY 1,000 - JPY 1,999","JPY 1,000 - JPY 1,999",-
316,3.65,白髭のシュークリーム工房,https://tabelog.com/tw/tokyo/A1318/A131812/13161008/,"世田谷代田車站 / 泡芙, 西式甜點",- JPY 999,- JPY 999,星期二
317,3.65,ホーカス・ポーカス,https://tabelog.com/tw/tokyo/A1308/A130803/13207595/,"永田町車站 / 甜甜圈, 咖啡店, 刨冰",- JPY 999,"JPY 1,000 - JPY 1,999",-
318,3.65,BELTZ,https://tabelog.com/tw/tokyo/A1303/A130302/13225735/,"惠比壽車站 / 蛋糕, 甜食",-,"JPY 1,000 - JPY 1,999",星期三
319,3.65,ナンバー シュガー 表参道本店,https://tabelog.com/tw/tokyo/A1306/A130601/13166958/,"明治神宮前車站 / 西式甜點, 咖啡店","JPY 1,000 - JPY 1,999","JPY 1,000 - JPY 1,999",-
320,3.65,田村町 木村屋 本店,https://tabelog.com/tw/tokyo/A1301/A130103/13060103/,"內幸町車站 / 蛋糕, 咖啡店, 麵包",- JPY 999,- JPY 999,"星期六, 星期日, 節假日"
321,3.65,Equal,https://tabelog.com/tw/tokyo/A1318/A131807/13239174/,幡谷車站 / 蛋糕,-,"JPY 1,000 - JPY 1,999","星期一, 星期二, 星期三"
322,3.65,レモンパイ,https://tabelog.com/tw/tokyo/A1311/A131102/13008621/,田原町車站 / 蛋糕,"JPY 1,000 - JPY 1,999",-,"星期一, 星期日"
323,3.65,Tea＆Cake Grace,https://tabelog.com/tw/tokyo/A1319/A131907/13006640/,"西荻窪車站 / 蛋糕, 咖啡店","JPY 1,000 - JPY 1,999","JPY 1,000 - JPY 1,999","星期一, 星期日"
324,3.65,粉と卵,https://tabelog.com/tw/tokyo/A1317/A131711/13008202/,"奧澤車站 / 蛋糕, 巧克力, 西式甜點",- JPY 999,-,星期一
325,3.65,ラ・パティスリー by アマン東京,https://tabelog.com/tw/tokyo/A1302/A130201/13262844/,"大手町車站 / 蛋糕, 西式甜點, 麵包",- JPY 999,- JPY 999,星期日
326,3.65,トシ・ヨロイヅカ アトリエ,https://tabelog.com/tw/tokyo/A1318/A131809/13096728/,"八幡山車站 / 蛋糕, 西式甜點, 巧克力",- JPY 999,- JPY 999,星期二
327,3.65,ルスルス 浅草店,https://tabelog.com/tw/tokyo/A1311/A131102/13144404/,"淺草車站 / 西式甜點, 咖啡店, 蛋糕",-,"JPY 1,000 - JPY 1,999","星期一, 星期日"
328,3.65,山本道子の店,https://tabelog.com/tw/tokyo/A1308/A130803/13006397/,"半藏門車站 / 西式甜點, 蛋糕",-,-,"星期日, 節假日"
329,3.65,ラデュレ  日本橋店,https://tabelog.com/tw/tokyo/A1302/A130202/13056234/,"三越前車站 / 馬卡龍, 蛋糕",- JPY 999,-,-
330,3.65,ル・グッテ,https://tabelog.com/tw/tokyo/A1311/A131103/13094048/,淺草橋車站 / 蛋糕,-,-,"星期一, 星期二, 星期三, 星期六, 星期日"
331,3.65,ルエールサンク,https://tabelog.com/tw/tokyo/A1302/A130202/13140161/,"寶町車站 / 蛋糕, 麵包, 馬卡龍","JPY 1,000 - JPY 1,999",-,"星期一, 星期六, 星期日, 節假日"
332,3.65,やきがしや　SUSUCRE,https://tabelog.com/tw/tokyo/A1317/A131706/13051356/,三軒茶屋車站 / 西式甜點,"JPY 1,000 - JPY 1,999",-,"星期三, 星期四"
333,3.65,ルラシオン,https://tabelog.com/tw/tokyo/A1318/A131809/13152985/,蘆花公園車站 / 蛋糕,- JPY 999,-,"星期一, 星期二"
334,3.65,コティ,https://tabelog.com/tw/tokyo/A1320/A132002/13078859/,三鷹車站 / 蛋糕,- JPY 999,-,"星期一, 星期四"
335,3.65,Patisserie Boulangerie Les Alternatives,https://tabelog.com/tw/tokyo/A1325/A132501/13268302/,"東小金井車站 / 蛋糕, 麵包",-,- JPY 999,"星期一, 星期二"
336,3.64,ガレットリア,https://tabelog.com/tw/tokyo/A1303/A130301/13045560/,"神泉車站 / 可麗餅/法式薄餅, 咖啡店, 法式料理","JPY 1,000 - JPY 1,999","JPY 1,000 - JPY 1,999",星期二
337,3.64,氷屋ぴぃす,https://tabelog.com/tw/tokyo/A1320/A132001/13184868/,吉祥寺車站 / 刨冰,"JPY 1,000 - JPY 1,999","JPY 1,000 - JPY 1,999",-
338,3.64,雪うさぎ,https://tabelog.com/tw/tokyo/A1317/A131707/13169308/,"櫻新町車站 / 刨冰, 日式甜點店, 咖啡店","JPY 1,000 - JPY 1,999","JPY 1,000 - JPY 1,999",星期一
339,3.64,グリーン ビーン トゥ バー チョコレート,https://tabelog.com/tw/tokyo/A1317/A131701/13188866/,"中目黑車站 / 巧克力, 咖啡店","JPY 1,000 - JPY 1,999","JPY 1,000 - JPY 1,999",-
340,3.64,ポポット,https://tabelog.com/tw/tokyo/A1317/A131702/13003460/,"學藝大學車站 / 可麗餅/法式薄餅, 西式甜點, 法式料理","JPY 2,000 - JPY 2,999","JPY 2,000 - JPY 2,999","星期三, 星期四"
341,3.64,ポール・ボキューズ・ベーカリー 大丸東京店,https://tabelog.com/tw/tokyo/A1302/A130201/13000140/,"東京車站 / 麵包, 西式甜點, 三明治",- JPY 999,-,-
342,3.64,菓子屋 シノノメ,https://tabelog.com/tw/tokyo/A1311/A131103/13227380/,藏前車站 / 西式甜點,"JPY 1,000 - JPY 1,999",-,-
343,3.64,ジュウニブンベーカリー 三軒茶屋本店,https://tabelog.com/tw/tokyo/A1317/A131706/13246757/,"三軒茶屋車站 / 麵包, 西式甜點",-,"JPY 1,000 - JPY 1,999",-
344,3.64,えだおね,https://tabelog.com/tw/tokyo/A1319/A131906/13161794/,"荻窪車站 / 麵包, 蛋糕, 咖啡店",- JPY 999,- JPY 999,"星期二, 星期三"
345,3.64,UN GRAIN,https://tabelog.com/tw/tokyo/A1306/A130602/13189012/,"表參道車站 / 西式甜點, 蛋糕, 咖啡店",-,"JPY 3,000 - JPY 3,999",星期三
346,3.64,デメララ・ベーカリー,https://tabelog.com/tw/tokyo/A1304/A130403/13193618/,新宿車站 / 西式甜點,"JPY 1,000 - JPY 1,999",-,-
347,3.64,パティスリー アンカド,https://tabelog.com/tw/tokyo/A1327/A132701/13231679/,"町田車站 / 蛋糕, 西式甜點, 咖啡店",- JPY 999,- JPY 999,星期二
348,3.64,DOLCE TACUBO,https://tabelog.com/tw/tokyo/A1303/A130303/13266450/,"代官山車站 / 西式甜點, 意式冰淇淋/冰淇淋, 蛋糕","JPY 1,000 - JPY 1,999","JPY 1,000 - JPY 1,999",-
349,3.64,エクラデジュール 東陽町本店,https://tabelog.com/tw/tokyo/A1313/A131303/13173344/,"東陽町車站 / 蛋糕, 麵包",- JPY 999,- JPY 999,"星期一, 星期二, 星期三"
350,3.64,銀座ベーカリー,https://tabelog.com/tw/tokyo/A1301/A130101/13157275/,"銀座一丁目車站 / 西式甜點, 咖啡店",- JPY 999,- JPY 999,-
351,3.64,モンブランスタイル,https://tabelog.com/tw/tokyo/A1318/A131810/13221894/,"代代木八幡車站 / 蛋糕, 西式甜點","JPY 3,000 - JPY 3,999","JPY 3,000 - JPY 3,999",-
352,3.64,ル ガリュウＭ,https://tabelog.com/tw/tokyo/A1315/A131502/13049633/,"大森車站 / 蛋糕, 麵包, 咖啡店","JPY 1,000 - JPY 1,999","JPY 1,000 - JPY 1,999","星期二, 星期三"
353,3.64,スペールフルッタ,https://tabelog.com/tw/tokyo/A1323/A132302/13008466/,"茗荷谷車站 / 意式冰淇淋/冰淇淋, 西式甜點",- JPY 999,-,星期一
354,3.64,たつみや,https://tabelog.com/tw/tokyo/A1318/A131809/13006617/,下高井戶車站 / 鯛魚燒・大判燒,- JPY 999,-,星期二
355,3.64,人形焼 山田家 本店,https://tabelog.com/tw/tokyo/A1312/A131201/13037393/,錦糸町車站 / 日式點心,- JPY 999,-,星期三
356,3.64,MONICA,https://tabelog.com/tw/tokyo/A1303/A130301/13274523/,"表參道車站 / 麵包, 西式甜點, 蛋糕",-,- JPY 999,-
357,3.63,玉丁本店 八重洲店,https://tabelog.com/tw/tokyo/A1302/A130201/13015841/,"東京車站 / 烏龍麵, 郷土料理, 意式冰淇淋/冰淇淋","JPY 1,000 - JPY 1,999","JPY 1,000 - JPY 1,999",-
358,3.63,茶寮都路里 大丸東京店,https://tabelog.com/tw/tokyo/A1302/A130201/13044461/,"東京車站 / 日式甜點店, 咖啡店, 刨冰","JPY 1,000 - JPY 1,999","JPY 1,000 - JPY 1,999",-
359,3.63,パティスリー・サダハル・アオキ・パリ 丸の内店,https://tabelog.com/tw/tokyo/A1301/A130102/13018800/,"有樂町車站 / 蛋糕, 馬卡龍","JPY 2,000 - JPY 2,999",-,-
360,3.63,yelo,https://tabelog.com/tw/tokyo/A1307/A130701/13166459/,"六本木車站 / 刨冰, 酒吧",-,"JPY 1,000 - JPY 1,999",-
361,3.63,翠江堂 本店,https://tabelog.com/tw/tokyo/A1302/A130203/13007680/,"八丁堀車站 / 日式點心, 大福","JPY 1,000 - JPY 1,999",-,"星期日, 節假日"
362,3.63,ピエール マルコリーニ グランスタ東京店,https://tabelog.com/tw/tokyo/A1302/A130201/13044107/,"東京車站 / 巧克力, 意式冰淇淋/冰淇淋, 軟冰淇淋",-,"JPY 1,000 - JPY 1,999",-
363,3.63,七つ森,https://tabelog.com/tw/tokyo/A1319/A131904/13000675/,"新高圓寺車站 / 咖啡館, 咖啡店, 蛋糕","JPY 1,000 - JPY 1,999","JPY 1,000 - JPY 1,999",-
364,3.63,bubó BARCELONA 表参道店,https://tabelog.com/tw/tokyo/A1306/A130601/13203821/,"表參道車站 / 巧克力, 蛋糕, 咖啡店",-,"JPY 1,000 - JPY 1,999",-
365,3.63,東京豆花工房,https://tabelog.com/tw/tokyo/A1310/A131002/13189801/,"淡路町車站 / 中式點心, 咖啡店",- JPY 999,- JPY 999,星期三
366,3.63,カフェ ウィーン 日本橋三越本店,https://tabelog.com/tw/tokyo/A1302/A130202/13011194/,"三越前車站 / 咖啡館, 咖啡店, 蛋糕","JPY 1,000 - JPY 1,999","JPY 1,000 - JPY 1,999",-
367,3.63,パティスリーヨシノリアサミ,https://tabelog.com/tw/tokyo/A1323/A132301/13187756/,"巢鴨車站 / 蛋糕, 西式甜點","JPY 1,000 - JPY 1,999",-,"星期二, 星期三"
368,3.63,ル ショコラ ドゥ アッシュ 銀座本店,https://tabelog.com/tw/tokyo/A1301/A130101/13182140/,"銀座車站 / 巧克力, 馬卡龍, 蛋糕","JPY 2,000 - JPY 2,999",-,-
369,3.63,ドーナツ もり,https://tabelog.com/tw/tokyo/A1309/A130905/13245045/,神樂坂車站 / 甜甜圈,-,- JPY 999,-
370,3.63,ノワ・ドゥ・ブール 銀座三越店,https://tabelog.com/tw/tokyo/A1301/A130101/13250832/,"銀座車站 / 蛋糕, 西式甜點",- JPY 999,-,-
371,3.63,パティスリーレセンシエル,https://tabelog.com/tw/tokyo/A1323/A132302/13174296/,"茗荷谷車站 / 蛋糕, 咖啡店","JPY 1,000 - JPY 1,999","JPY 1,000 - JPY 1,999",星期四
372,3.63,メルシーベイク,https://tabelog.com/tw/tokyo/A1317/A131709/13170879/,"松陰神社前車站 / 蛋糕, 咖啡店",-,- JPY 999,星期四
373,3.63,アラボンヌー 赤坂店,https://tabelog.com/tw/tokyo/A1308/A130801/13007872/,"赤坂車站 / 蛋糕, 咖啡店",- JPY 999,- JPY 999,"星期日, 節假日"
374,3.63,レ サンク エピス,https://tabelog.com/tw/tokyo/A1315/A131501/13123405/,"青物横丁車站 / 蛋糕, 麵包, 咖啡店",- JPY 999,"JPY 1,000 - JPY 1,999",星期一
375,3.63,アチョ 神楽坂,https://tabelog.com/tw/tokyo/A1309/A130905/13156025/,神樂坂車站 / 西式甜點,-,- JPY 999,星期二
376,3.63,手作りちーずけーきせんもん店　やまぐち,https://tabelog.com/tw/tokyo/A1317/A131702/13047831/,都立大學車站 / 蛋糕,- JPY 999,-,"星期二, 星期三"
377,3.63,アサコ イワヤナギ プリュス,https://tabelog.com/tw/tokyo/A1317/A131715/13226934/,"等等力車站 / 蛋糕, 巧克力, 意式冰淇淋/冰淇淋",- JPY 999,- JPY 999,"星期一, 星期二"
378,3.63,アンフィニ,https://tabelog.com/tw/tokyo/A1317/A131715/13243655/,九品佛車站 / 蛋糕,-,"JPY 1,000 - JPY 1,999",星期三
379,3.63,MAHL ZEIT,https://tabelog.com/tw/tokyo/A1323/A132302/13060747/,"茗荷谷車站 / 麵包, 蛋糕, 三明治",- JPY 999,-,"星期一, 星期二, 星期日, 節假日"
380,3.63,CONFECT-CONCEPT,https://tabelog.com/tw/tokyo/A1311/A131101/13258304/,稻荷町車站 / 蛋糕,-,-,星期一
381,3.63,Litus,https://tabelog.com/tw/tokyo/A1313/A131301/13255431/,新富町車站 / 西式甜點,- JPY 999,- JPY 999,"星期二, 星期三"
382,3.62,東京駅 斑鳩,https://tabelog.com/tw/tokyo/A1302/A130201/13124609/,"東京車站 / 拉麵, 沾麵, 甜食",- JPY 999,- JPY 999,-
383,3.62,ピエール マルコリーニ 銀座本店,https://tabelog.com/tw/tokyo/A1301/A130101/13127566/,"銀座車站 / 巧克力, 咖啡店","JPY 2,000 - JPY 2,999","JPY 2,000 - JPY 2,999",-
384,3.62,I'ｍ donut ?グルテンフリー 渋谷青山通り,https://tabelog.com/tw/tokyo/A1303/A130301/13272709/,澀谷車站 / 甜甜圈,- JPY 999,- JPY 999,-
385,3.62,久栄,https://tabelog.com/tw/tokyo/A1313/A131302/13050014/,"月島車站 / 麵包, 西式甜點",- JPY 999,- JPY 999,-
386,3.62,Parlor Vinefru 銀座,https://tabelog.com/tw/tokyo/A1301/A130101/13230462/,"銀座一丁目車站 / 咖啡店, 刨冰, 鬆餅","JPY 1,000 - JPY 1,999",- JPY 999,-
387,3.62,仏蘭西屋,https://tabelog.com/tw/tokyo/A1301/A130101/13059121/,"銀座車站 / 咖啡館, 三明治, 蛋糕","JPY 1,000 - JPY 1,999","JPY 1,000 - JPY 1,999",-
388,3.62,銀座つぼやきいも,https://tabelog.com/tw/tokyo/A1301/A130101/13222597/,"銀座車站 / 烤地瓜/拔絲地瓜, 甜食",- JPY 999,- JPY 999,星期一
389,3.62,プリンチ 代官山T-SITE,https://tabelog.com/tw/tokyo/A1303/A130303/13237363/,"代官山車站 / 麵包, 蛋糕, 咖啡店","JPY 1,000 - JPY 1,999","JPY 1,000 - JPY 1,999",-
390,3.62,ダ ルチアーノ,https://tabelog.com/tw/tokyo/A1329/A132904/13043497/,"京王堀之內車站 / 意式冰淇淋/冰淇淋, 咖啡店",- JPY 999,- JPY 999,-
391,3.62,パティシエ シマ,https://tabelog.com/tw/tokyo/A1308/A130803/13000285/,"麴町車站 / 蛋糕, 巧克力, 西式甜點",-,"JPY 1,000 - JPY 1,999","星期日, 節假日"
392,3.62,パスカル・ル・ガック 東京,https://tabelog.com/tw/tokyo/A1308/A130802/13230508/,"溜池山王車站 / 巧克力, 蛋糕, 咖啡店","JPY 3,000 - JPY 3,999","JPY 1,000 - JPY 1,999",星期日
393,3.62,トラノコ,https://tabelog.com/tw/tokyo/A1309/A130902/13221607/,"四谷三丁目車站 / 咖啡店, 布丁",-,- JPY 999,-
394,3.62,洋菓子ヴィヨン,https://tabelog.com/tw/tokyo/A1317/A131707/13023844/,"櫻新町車站 / 年輪蛋糕, 蛋糕, 巧克力",-,- JPY 999,-
395,3.62,巴裡 小川軒 サロン・ド・テ 新橋店,https://tabelog.com/tw/tokyo/A1301/A130103/13143677/,"新橋車站 / 咖啡店, 咖啡館, 蛋糕","JPY 1,000 - JPY 1,999","JPY 1,000 - JPY 1,999","星期日, 節假日"
396,3.62,エリティエ,https://tabelog.com/tw/tokyo/A1323/A132301/13130758/,"白山車站 / 蛋糕, 咖啡店","JPY 1,000 - JPY 1,999",- JPY 999,星期二
397,3.62,カイルズ・グッド・ファインズ,https://tabelog.com/tw/tokyo/A1319/A131902/13006929/,"新井藥師前車站 / 蛋糕, 麵包, 美國料理",-,- JPY 999,星期一
398,3.62,ゴンドラ,https://tabelog.com/tw/tokyo/A1309/A130904/13022609/,"市谷車站 / 蛋糕, 西式甜點",- JPY 999,-,"星期日, 節假日"
399,3.62,PAYSAGE 代官山本店,https://tabelog.com/tw/tokyo/A1303/A130303/13293381/,代官山車站 / 甜食,- JPY 999,- JPY 999,星期一
